ProductName,TotalSales2016,TotalSales2017,GrowthPercentage
"Mountain-500 Black, 52",7019.869873046875,15119.7197265625,115.38
"Road-350-W Yellow, 44",117368.30932617188,244942.55859375,108.7
"Mountain-500 Black, 48",9719.81982421875,19979.629638671875,105.56
"Touring-1000 Blue, 46",138276.06396484375,281320.26806640625,103.45
"Road-350-W Yellow, 48",127574.24926757812,255148.49853515625,100
