TerritoryKey,TotalSales2017,GrowthPercentage
4,1911216.9181518555,16.016238251143076
1,1208890.8418662548,14.948211528703133
